{
    "train_loss": 0.1068971013975522,
    "train_acc": 0.9672619047619048,
    "train_time": 1006.764,
    "train_time_per_epoch": 201.35279846819995,
    "test_loss": 0.08188879164674925,
    "test_acc": 0.9816468253968254,
    "test_time": 771.752,
    "test_time_per_epoch": 154.35047229659946
}